scenario_id,renewable_correlation_case,ldes_duration_hours,ldes_capex_per_mw,transmission_capex_per_mw,co2_cap_tons,solver_status,solver_condition,objective,backup_mw,solar_mw,wind_mw,battery4h_mw,ldes_mw,battery4h_mwh,ldes_mwh,transmission_mw,vres_available_mwh,vres_dispatched_mwh,vres_curtailment_mwh,total_load_mwh,system_cost_per_mwh,total_generation_mwh,generator_capex_total,backup_capex,solar_capex,wind_capex,storage_capex_total,battery4h_capex,ldes_capex,transmission_capex_total,transmission_capex,wind_opex,solar_opex,backup_opex,generator_opex_total,total_capex,total_opex,reconstructed_total_cost,cost_reconstruction_error
corr_high_dur_24h,high,24,1800000,400000,6576567.936596976,ok,optimal,46016120128.69866,19142.53624519082,121961.2911575445,90316.47512095436,115.74159125726874,51133.26387205193,462.96636502907495,1227198.3329292466,23107.71886315966,470135322.2556771,344550593.3502955,125584728.90538162,328828396.82984877,139.9396176617604,360992013.1917878,33849375471.110847,1151009807.7232327,18448825613.53926,14249540049.84835,10548702976.511108,19992393.684423912,10528710582.826685,878177788.2089124,878177788.2089124,0.0,0.0,739863892.8671551,739863892.8671551,45276256235.83087,739863892.8671551,46016120128.69803,0.00063323974609375
