scenario_id,renewable_correlation_case,ldes_duration_hours,ldes_capex_per_mw,transmission_capex_per_mw,co2_cap_tons,solver_status,solver_condition,objective,backup_mw,solar_mw,wind_mw,battery4h_mw,ldes_mw,battery4h_mwh,ldes_mwh,transmission_mw,vres_available_mwh,vres_dispatched_mwh,vres_curtailment_mwh,total_load_mwh,system_cost_per_mwh,total_generation_mwh,generator_capex_total,backup_capex,solar_capex,wind_capex,storage_capex_total,battery4h_capex,ldes_capex,transmission_capex_total,transmission_capex,wind_opex,solar_opex,backup_opex,generator_opex_total,total_capex,total_opex,reconstructed_total_cost,cost_reconstruction_error
corr_high_dur_72h,high,72,1800000,400000,6576567.936596976,ok,optimal,40685144915.22854,16931.668800160598,87655.82630257073,100781.80594668782,0.0,41887.321848181666,0.0,3015887.17306908,30052.404064905757,441786202.33990085,344610262.67471737,97175939.66518348,328828396.82984877,123.72758954963656,361051682.51620984,30178275873.872112,1018073916.6682998,13259510768.690142,15900691188.513666,8624903935.973213,0.0,8624903935.973213,1142101212.515393,1142101212.515393,0.0,0.0,739863892.8671601,739863892.8671601,39945281022.36072,739863892.8671601,40685144915.227875,0.00066375732421875
