scenario_id,renewable_correlation_case,ldes_duration_hours,ldes_capex_per_mw,transmission_capex_per_mw,co2_cap_tons,solver_status,solver_condition,objective,backup_mw,solar_mw,wind_mw,battery4h_mw,ldes_mw,battery4h_mwh,ldes_mwh,transmission_mw,vres_available_mwh,vres_dispatched_mwh,vres_curtailment_mwh,total_load_mwh,system_cost_per_mwh,total_generation_mwh,generator_capex_total,backup_capex,solar_capex,wind_capex,storage_capex_total,battery4h_capex,ldes_capex,transmission_capex_total,transmission_capex,wind_opex,solar_opex,backup_opex,generator_opex_total,total_capex,total_opex,reconstructed_total_cost,cost_reconstruction_error
corr_low_dur_72h,low,72,1800000,400000,6576567.936596976,ok,optimal,36104801133.91806,23191.472620472196,57943.72452162065,114566.94184285641,902.7919988113135,28216.66383343145,3611.167995245254,2031599.7960070644,30625.205555880537,384094444.1860844,338924256.61511904,45170187.57096535,328828396.82984877,109.79830660002389,355365676.45661145,28235109381.59335,1394465816.8488283,8765024205.241127,18075619359.503395,5965958096.380904,155941981.26466697,5810016115.116237,1163869763.0766065,1163869763.0766065,0.0,0.0,739863892.867162,739863892.867162,35364937241.05086,739863892.867162,36104801133.91802,3.814697265625e-05
