scenario_id,renewable_correlation_case,ldes_duration_hours,ldes_capex_per_mw,transmission_capex_per_mw,co2_cap_tons,solver_status,solver_condition,objective,backup_mw,solar_mw,wind_mw,battery4h_mw,ldes_mw,battery4h_mwh,ldes_mwh,transmission_mw,vres_available_mwh,vres_dispatched_mwh,vres_curtailment_mwh,total_load_mwh,system_cost_per_mwh,total_generation_mwh,generator_capex_total,backup_capex,solar_capex,wind_capex,storage_capex_total,battery4h_capex,ldes_capex,transmission_capex_total,transmission_capex,wind_opex,solar_opex,backup_opex,generator_opex_total,total_capex,total_opex,reconstructed_total_cost,cost_reconstruction_error
corr_low_dur_100h,low,100,1800000,400000,6576567.936596976,ok,optimal,35756615880.56158,23519.736908574465,57316.52255308276,113104.74035756337,854.779738489741,28051.802697282466,3419.118953958964,2805180.2697282466,30622.263913361054,379943377.20555687,339625758.3778066,40317618.827750266,328828396.82984877,108.73944046585407,356067178.2192991,27929275329.618202,1414203818.6627684,8670148694.886967,17844922816.068466,5923718688.167496,147648678.92104948,5776070009.246447,1163757969.9075465,1163757969.9075465,0.0,0.0,739863892.8671594,739863892.8671594,35016751987.693245,739863892.8671594,35756615880.5604,0.0011749267578125
