scenario_id,renewable_correlation_case,ldes_duration_hours,ldes_capex_per_mw,transmission_capex_per_mw,co2_cap_tons,solver_status,solver_condition,objective,backup_mw,solar_mw,wind_mw,battery4h_mw,ldes_mw,battery4h_mwh,ldes_mwh,transmission_mw,vres_available_mwh,vres_dispatched_mwh,vres_curtailment_mwh,total_load_mwh,system_cost_per_mwh,total_generation_mwh,generator_capex_total,backup_capex,solar_capex,wind_capex,storage_capex_total,battery4h_capex,ldes_capex,transmission_capex_total,transmission_capex,wind_opex,solar_opex,backup_opex,generator_opex_total,total_capex,total_opex,reconstructed_total_cost,cost_reconstruction_error
corr_low_dur_24h,low,24,1800000,400000,6576567.936596976,ok,optimal,38795769300.613235,18396.44655480352,72283.79504287321,114915.1999201972,0.0,32783.31913639838,0.0,786799.6592735611,29856.382628537776,406900152.2299783,336373340.4832065,70526811.74677181,328828396.82984877,117.981809584067,352814760.3246989,30170930101.523426,1106148638.8542056,10934216231.83831,18130565230.83091,6750323624.8574505,0.0,6750323624.8574505,1134651681.3673568,1134651681.3673568,0.0,0.0,739863892.8671577,739863892.8671577,38055905407.74823,739863892.8671577,38795769300.61539,-0.0021514892578125
