scenario_id,renewable_correlation_case,ldes_duration_hours,ldes_capex_per_mw,transmission_capex_per_mw,co2_cap_tons,solver_status,solver_condition,objective,backup_mw,solar_mw,wind_mw,battery4h_mw,ldes_mw,battery4h_mwh,ldes_mwh,transmission_mw,vres_available_mwh,vres_dispatched_mwh,vres_curtailment_mwh,total_load_mwh,system_cost_per_mwh,total_generation_mwh,generator_capex_total,backup_capex,solar_capex,wind_capex,storage_capex_total,battery4h_capex,ldes_capex,transmission_capex_total,transmission_capex,wind_opex,solar_opex,backup_opex,generator_opex_total,total_capex,total_opex,reconstructed_total_cost,cost_reconstruction_error
corr_high_dur_100h,high,100,1800000,400000,6576567.936596976,ok,optimal,39862057725.48831,15554.006469665763,76366.83880266303,112182.18462573961,438.09287882673016,38955.44413748691,1752.3715153069206,3895544.413748692,22073.055193363492,440701217.459379,342884645.2773556,97816572.1820234,328828396.82984877,121.22449919103188,359326065.11884815,30186454932.26182,935237304.3291811,11551849593.881907,17699368034.05074,8096882113.871408,75673102.54425555,8021209011.327152,838856786.492455,838856786.492455,0.0,0.0,739863892.8671619,739863892.8671619,39122193832.62569,739863892.8671619,39862057725.49285,-0.00453948974609375
