scenario_id,renewable_correlation_case,ldes_duration_hours,ldes_capex_per_mw,transmission_capex_per_mw,co2_cap_tons,solver_status,solver_condition,objective,backup_mw,solar_mw,wind_mw,battery4h_mw,ldes_mw,battery4h_mwh,ldes_mwh,transmission_mw,vres_available_mwh,vres_dispatched_mwh,vres_curtailment_mwh,total_load_mwh,system_cost_per_mwh,total_generation_mwh,generator_capex_total,backup_capex,solar_capex,wind_capex,storage_capex_total,battery4h_capex,ldes_capex,transmission_capex_total,transmission_capex,wind_opex,solar_opex,backup_opex,generator_opex_total,total_capex,total_opex,reconstructed_total_cost,cost_reconstruction_error
corr_low_dur_10h,low,10,1800000,400000,6576567.936596976,ok,optimal,42613668266.88853,19976.616430121565,88157.58650093034,118673.0325920369,0.0,35986.24498116902,0.0,359862.44981169014,31679.873286574035,445840037.83706486,333466709.5503924,112373328.28667247,328828396.82984877,129.59242169385644,349908129.39188474,33260024051.955643,1201161703.0095267,13335410968.757668,18723451380.188446,7409829329.837053,0.0,7409829329.837053,1203950992.232996,1203950992.232996,0.0,0.0,739863892.8671571,739863892.8671571,41873804374.02569,739863892.8671571,42613668266.892845,-0.0043182373046875
