scenario_id,renewable_correlation_case,ldes_duration_hours,ldes_capex_per_mw,transmission_capex_per_mw,co2_cap_tons,solver_status,solver_condition,objective,backup_mw,solar_mw,wind_mw,battery4h_mw,ldes_mw,battery4h_mwh,ldes_mwh,transmission_mw,vres_available_mwh,vres_dispatched_mwh,vres_curtailment_mwh,total_load_mwh,system_cost_per_mwh,total_generation_mwh,generator_capex_total,backup_capex,solar_capex,wind_capex,storage_capex_total,battery4h_capex,ldes_capex,transmission_capex_total,transmission_capex,wind_opex,solar_opex,backup_opex,generator_opex_total,total_capex,total_opex,reconstructed_total_cost,cost_reconstruction_error
corr_high_dur_10h,high,10,1800000,400000,6576567.936596976,ok,optimal,51264322195.15941,17383.24574184367,153857.52947852615,68255.15023476587,30692.44692772658,46338.18971514575,122769.78771090633,463381.8971514575,15622.496712895449,469865241.38725936,342903275.9777156,126961965.40954375,328828396.82984877,155.89992436597856,359344695.81920815,35087777540.21208,1045226509.311266,23273701874.906044,10768849155.994774,14842968778.183496,5301598806.892687,9541369971.29081,593711983.8992018,593711983.8992018,0.0,0.0,739863892.8671637,739863892.8671637,50524458302.29478,739863892.8671637,51264322195.16194,-0.002532958984375
